<?xml version="1.0" encoding="UTF-8"?>
<GenRun Id="synth_1" LaunchPart="xc7a35tcpg236-1" LaunchTime="1506904903">
  <File Type="RDS-PROPCONSTRS" Name="prime_number_detector_drc_synth.rpt"/>
  <File Type="PA-TCL" Name="prime_number_detector.tcl"/>
  <File Type="RDS-RDS" Name="prime_number_detector.vds"/>
  <File Type="RDS-UTIL" Name="prime_number_detector_utilization_synth.rpt"/>
  <File Type="RDS-UTIL-PB" Name="prime_number_detector_utilization_synth.pb"/>
  <File Type="RDS-DCP" Name="prime_number_detector.dcp"/>
  <File Type="VDS-TIMINGSUMMARY" Name="prime_number_detector_timing_summary_synth.rpt"/>
  <File Type="VDS-TIMING-PB" Name="prime_number_detector_timing_summary_synth.pb"/>
  <FileSet Name="sources" Type="DesignSrcs" RelSrcDir="$PSRCDIR/sources_1">
    <Filter Type="Srcs"/>
    <File Path="$PSRCDIR/sources_1/new/prime_number_detector.vhd">
      <FileInfo>
        <Attr Name="UsedIn" Val="synthesis"/>
        <Attr Name="UsedIn" Val="simulation"/>
      </FileInfo>
    </File>
    <Config>
      <Option Name="DesignMode" Val="RTL"/>
      <Option Name="TopModule" Val="prime_number_detector"/>
      <Option Name="TopAutoSet" Val="TRUE"/>
    </Config>
  </FileSet>
  <FileSet Name="constrs_in" Type="Constrs" RelSrcDir="$PSRCDIR/constrs_1">
    <Filter Type="Constrs"/>
    <File Path="$PSRCDIR/constrs_1/imports/Other/Basys3_Master.xdc">
      <FileInfo>
        <Attr Name="ImportPath" Val="Z:/Users/Nayra/Downloads/Other/Basys3_Master.xdc"/>
        <Attr Name="ImportTime" Val="1505961614"/>
        <Attr Name="UsedIn" Val="synthesis"/>
        <Attr Name="UsedIn" Val="implementation"/>
      </FileInfo>
    </File>
    <Config>
      <Option Name="ConstrsType" Val="XDC"/>
    </Config>
  </FileSet>
  <Strategy Version="1" Minor="2">
    <StratHandle Name="Vivado Synthesis Defaults" Flow="Vivado Synthesis 2017">
      <Desc>Vivado Synthesis Defaults</Desc>
    </StratHandle>
    <Step Id="synth_design"/>
  </Strategy>
</GenRun>
