<?xml version="1.0" encoding="UTF-8"?>
<!-- Product Version: Vivado v2017.3 (64-bit)                     -->
<!--                                                              -->
<!-- Copyright 1986-2017 Xilinx, Inc. All Rights Reserved.        -->

<hwsession version="1" minor="2">
  <device name="xc7a35t_0" gui_info=""/>
  <ObjectList object_type="hw_device" gui_info="">
    <Object name="xc7a35t_0" gui_info="">
      <Properties Property="FULL_PROBES.FILE" value=""/>
      <Properties Property="PROBES.FILE" value=""/>
      <Properties Property="PROGRAM.HW_BITSTREAM" value="C:/Users/Micaela/Downloads/Project_2/computer_assignment_5/computer_assignment_5.runs/impl_1/top.bit"/>
      <Properties Property="SLR.COUNT" value="C:/Users/Micaela/AppData/Roaming/Xilinx/Vivado/1"/>
    </Object>
  </ObjectList>
  <probeset name="hw project" active="false"/>
</hwsession>
