<?xml version="1.0" encoding="UTF-8"?>
<GenRun Id="synth_1" LaunchPart="xc7a35tcpg236-1" LaunchTime="1507932856">
  <File Type="RDS-PROPCONSTRS" Name="task1_drc_synth.rpt"/>
  <File Type="PA-TCL" Name="task1.tcl"/>
  <File Type="RDS-RDS" Name="task1.vds"/>
  <File Type="RDS-UTIL" Name="task1_utilization_synth.rpt"/>
  <File Type="RDS-UTIL-PB" Name="task1_utilization_synth.pb"/>
  <File Type="RDS-DCP" Name="task1.dcp"/>
  <File Type="VDS-TIMINGSUMMARY" Name="task1_timing_summary_synth.rpt"/>
  <File Type="VDS-TIMING-PB" Name="task1_timing_summary_synth.pb"/>
  <FileSet Name="sources" Type="DesignSrcs" RelSrcDir="$PSRCDIR/sources_1">
    <Filter Type="Srcs"/>
    <File Path="$PSRCDIR/sources_1/imports/Project 1/task1.vhd">
      <FileInfo>
        <Attr Name="ImportPath" Val="$PPRDIR/../../../../Downloads/Other/Assignments_export/Project 1/task1.vhd"/>
        <Attr Name="ImportTime" Val="1507932195"/>
        <Attr Name="UsedIn" Val="synthesis"/>
        <Attr Name="UsedIn" Val="simulation"/>
      </FileInfo>
    </File>
    <Config>
      <Option Name="DesignMode" Val="RTL"/>
      <Option Name="TopModule" Val="task1"/>
      <Option Name="TopAutoSet" Val="TRUE"/>
    </Config>
  </FileSet>
  <FileSet Name="constrs_in" Type="Constrs" RelSrcDir="$PSRCDIR/constrs_1">
    <Filter Type="Constrs"/>
    <Config>
      <Option Name="ConstrsType" Val="XDC"/>
    </Config>
  </FileSet>
  <Strategy Version="1" Minor="2">
    <StratHandle Name="Vivado Synthesis Defaults" Flow="Vivado Synthesis 2017">
      <Desc>Vivado Synthesis Defaults</Desc>
    </StratHandle>
    <Step Id="synth_design"/>
  </Strategy>
</GenRun>
